Fecha,Sitio,pH,Oxigeno_Disuelto,Turbiedad,Conductividad,Temperatura,DBO5,Coliformes_Fecales,Fosforo_Total,Nitrogeno_Total,Solidos_Suspendidos,Temp_Ambiente,WQI_Score,Calidad
2024-01-01,Lago Central,7.269637654590537,8.798589543360205,0.11211885696443538,432.8430601419744,21.802145161390268,2.886745405173298,85.51511073538646,0.01,7.2949102436700874,24.896869634705673,29.765683169566223,100,Excelente
2024-01-02,Embalse Este,6.960794119627306,7.599674684261808,0.8728098656471917,833.8043050578785,24.699277968666415,6.459607837444352,107.79732650770167,0.2208151694802395,10.644247255277607,34.971495465697956,26.43562082600912,60,Regular
2024-01-03,Río Norte,7.273408621228402,8.604703127485028,3.7484756248680773,448.081729727279,17.509111913750807,3.33417151799607,12.943703291825011,2.979564018514303,50.0,2.1213815219617684,21.93781312679781,80,Buena
2024-01-04,Lago Central,5.609944868319285,7.92202960470736,6.76730026299184,199.37140937637878,23.529638984736202,10.334531706338835,11.915704709007787,1.2937225263692378,21.638044835234524,5.485424366162706,26.80751762603051,30,Mala
2024-01-05,Lago Central,7.024262489729991,8.670276017876873,2.1503373366252028,450.85138718281115,22.665808832852225,11.548142398101874,47.20635323547652,2.5666780401529867,8.23041847842298,3.062370681216703,19.28136896339669,70,Regular
2024-01-06,Embalse Este,7.485690057209397,9.49319601178157,2.2785885070592067,445.45528605046593,23.969805056032598,2.7384935067701237,26.468871616678864,0.5353164992889344,4.375050479588782,8.552417231121122,25.542798528882617,90,Buena
2024-01-07,Río Norte,8.382315235793213,10.879025224218028,0.34008401562199014,50.0,23.15667457563127,1.6205395354257095,91.5857491084462,0.092989963356154,8.088710366238836,11.969506958404244,24.833850046777695,100,Excelente
2024-01-08,Río Norte,6.785383825381082,6.643276751759727,1.7794297382506525,489.14102669643756,31.82120055964358,4.486735609704546,115.14081768564279,0.6351867816013557,12.321221077944742,27.632213889676454,23.959415713637302,70,Regular
2024-01-09,Lago Central,6.55320511768545,11.6995500619844,2.2818203971658697,453.8130939582644,19.449040062994737,12.172779697617994,21.803023921175736,0.4846621048695428,1.0075557158882722,21.06212651071003,24.357312442805345,70,Regular
2024-01-10,Río Sur,6.798594365132371,5.571868300716247,0.8330784097819599,639.2412729626836,19.876012179992728,1.1828044947501228,13.516380730422153,1.4881527099198475,4.219772409357831,19.40061230697862,15.590754772511804,80,Buena
2024-01-11,Lago Central,7.93232169416166,8.272322357446624,0.9410238356356315,869.791218989069,19.507437894300942,4.877107288497878,75.82596478962243,0.08258585286929906,14.650772094704244,8.68886742813942,22.256375461295193,90,Buena
2024-01-12,Lago Central,7.463000887727747,9.382475809726865,1.420994954407416,725.3130059095515,19.77809152335898,4.992390001127717,16.06580613670829,0.535921388503877,3.8738973622793056,36.83339690068617,25.464224505705573,90,Buena
2024-01-13,Lago Central,6.776191836986369,8.921487801602549,0.1,446.2222618890339,19.45045149077393,6.604650075634277,86.47144627595175,0.13006094697433956,6.7866695696803605,12.746196880878522,25.799281959987002,80,Buena
2024-01-14,Lago Central,7.610613946490685,7.565950720269109,1.1661742837684073,278.69481825166594,26.756066124430205,0.7053281485133022,27.559665037770507,0.3140500760109636,7.089378260253912,77.36484833189782,19.86162429537021,90,Buena
2024-01-15,Embalse Este,7.277662039478432,8.187816624464087,0.7126708068708896,1014.6719606499721,27.68201699195942,6.29082454563555,55.06327516026851,1.0695679024198328,1.6313979036028075,20.110207540195454,31.328539204323505,80,Buena
2024-01-16,Río Norte,7.974915992426311,7.7604985980117505,1.190247690695948,511.84368680289765,19.717014825002096,11.986266031446224,5.02060086455629,0.5170385546332942,3.5982887563914434,2.6995571436205053,20.669125758927496,70,Regular
2024-01-17,Embalse Este,6.638357524898118,7.615952864583683,0.3826893098543438,502.78585838258925,18.670577707583085,0.9903228039007228,48.88960345326871,0.3771407171372741,3.2578688327090797,22.551198890215108,29.847286002633684,90,Buena
2024-01-18,Embalse Este,6.937870282721786,9.774403145531537,6.6362396998290745,495.17498257799934,23.885662225545616,1.3560479584358098,30.052806898139252,0.4013292321268626,0.5,7.863933938392204,27.135971809358423,80,Buena
2024-01-19,Embalse Este,6.886313477494274,9.035523228947572,2.7011964416386793,539.616952153571,19.791107822876114,17.770885194307557,44.16800520333024,0.4921297287335386,0.5,23.18809728049773,21.768863450780984,70,Regular
2024-01-20,Lago Central,6.029188041494305,7.460635607109019,3.409898873679095,471.1279176152115,24.531727271022042,0.9982152737757894,9.196995746157896,1.2297553615155712,14.255916897113115,1.4436981013908865,33.87655446304756,70,Regular
2024-01-21,Río Sur,7.436896221651661,9.849399813149876,4.670127097133374,385.2675986239527,22.811692083405198,9.63394883878329,66.75606523742663,1.7811268130589974,2.5514096514402804,3.8445638091824303,19.0318158412176,70,Regular
2024-01-22,Río Norte,7.408844217743912,8.960949281314914,2.0701092655466553,390.6282117519216,15.937023540011072,3.3891047127677454,99.31471316059388,2.48684645041784,5.839796749748165,38.722381020362604,29.595770868050007,80,Buena
2024-01-23,Río Sur,7.2040907653139685,9.71929317825844,0.2727962835523675,493.4493459568003,28.190020805320245,1.4199848499718524,12.214516334426968,1.2368077043645582,2.8388479206391444,5.154170866135698,30.002911590214893,100,Excelente
2024-01-24,Embalse Este,7.0123302932998826,9.444443262885418,2.3107750898844674,391.315045773247,29.183510692382086,10.230030008724246,5.030510563140048,0.30314450048324104,22.598368289268183,36.28514824225664,21.646898954616777,70,Regular
2024-01-25,Embalse Este,6.067703406359668,7.2565074836168915,2.6517691736141207,357.43084346456715,19.548845238062455,2.946686627799779,1.1961229965786995,0.9321471477448164,2.4012417456047546,6.549982787574946,31.962326500321645,70,Regular
2024-01-26,Río Sur,6.863483741787713,7.659728439704546,4.104649946425228,521.2860455383793,20.449193760256062,3.6161493455055904,51.35713440247937,0.4604379946919151,4.492136131348723,20.5937753550047,23.749767427005235,70,Regular
2024-01-27,Río Sur,6.925828386778584,9.620940407684893,1.6951039481489463,449.00455651582894,23.14346156289962,2.2254497958890394,46.709248666195904,0.23514323219918218,16.491571464924743,23.693247368592772,26.443468146399287,100,Excelente
2024-01-28,Río Sur,6.5581781846227045,9.415555398150197,0.40945400018793665,800.7985977165376,23.337827159948098,4.494106713425393,39.559770669178285,1.4704349809524628,14.757918967857027,14.37564962577099,26.301609193856102,90,Buena
2024-01-29,Embalse Este,7.070971430667193,8.468647609053777,1.0012865407851117,50.0,24.63417709069132,0.8927864880881569,13.194833147064442,0.03134729339500485,1.6473561015244957,7.285811003779642,24.32845629264726,100,Excelente
2024-01-30,Embalse Este,7.523240685451631,8.675991074963173,1.3533444764238705,718.3013703844923,30.0408181550654,2.4803545318173676,24.78913325326026,1.8562896744322979,12.98194061799035,4.781505203293716,29.05404136579891,100,Excelente
2024-01-31,Río Norte,8.708948720968424,10.416497343682638,3.114673834865585,749.2170384995259,21.2922110900238,17.43579020910572,45.1288023769661,0.4951407478714237,4.9026731718596395,1.0,28.967443602761065,60,Regular
2024-02-01,Río Norte,7.339662250265471,7.612642916746255,2.5373451636042588,85.3219535183701,18.806811021846187,1.492929402120031,34.3350857495958,0.8111261050676459,5.2772175804303405,7.246572238024186,16.257340133809095,80,Buena
2024-02-02,Embalse Este,7.406040312578211,9.320646071755057,1.3206202789554184,431.46248118393027,16.482723087941892,5.346286922585514,220.25665816906633,0.8615289885730099,1.1461604551832212,21.1779949218444,31.521701214390763,80,Buena
2024-02-03,Río Sur,7.140443267387067,8.19671102134916,12.918587316509438,425.7118268008417,19.076279840232324,1.9666210219446354,7.334580630766366,1.8039335184472165,0.672285136586587,55.71098891818748,16.68754005982163,80,Buena
2024-02-04,Río Sur,5.664983027760767,8.17347819515917,2.7924990254016278,218.49766105643573,21.867492108504813,7.424458453535825,59.39587812102318,0.809954313603417,10.413840811611513,40.99058532192799,30.162731021708286,50,Mala
2024-02-05,Río Norte,7.178788899640627,10.148165277980786,0.8123835862703999,344.43666248182495,29.178231454071152,0.7013338980506838,25.902480040519972,0.7613966912886977,5.4887553167748,29.05422049494756,30.633525684137915,100,Excelente
2024-02-06,Embalse Este,7.248184167952822,9.738124523482044,0.32202901387466054,277.8848309068343,19.929554803855314,17.503052272121998,27.948266282585788,0.05518176062552432,4.59368403312905,31.065626868274027,19.54516784892401,80,Buena
2024-02-07,Río Norte,9.0,9.720264454000958,0.49766487776947765,850.4540886847245,22.895151806555592,3.023754610823689,63.22114307095264,0.5845264335913746,10.460108810520303,21.871593678433463,22.945928560227077,80,Buena
2024-02-08,Río Norte,7.046111228175102,10.458218210731493,0.8469205481854228,687.1356786294922,21.93430841570899,1.346267717488601,58.95362876599073,0.13017421900529721,11.602837591739082,6.029856265945403,19.47147665757032,100,Excelente
2024-02-09,Lago Central,7.44123787386689,8.531505762449138,0.5254946248628821,754.3110189988317,26.753573093792337,0.5,236.9693403932185,1.069801535314196,1.3844354460831958,47.54510184390181,23.925394848556323,90,Buena
2024-02-10,Lago Central,7.172230584235805,9.522929456942446,0.6194752363637412,644.334412808647,32.107729703494485,0.9301897005229697,6.870906206829155,0.5743157858603427,7.537488103334776,22.217684348401377,23.459828579071292,100,Excelente
2024-02-11,Lago Central,6.265057569904375,8.034599865109817,1.0068175446463397,274.18964575655417,19.876524908318718,3.6674917271479073,5.49686250203277,0.9121170773372067,1.1634815962229978,16.439649757727608,28.898302661346698,80,Buena
2024-02-12,Río Sur,8.114258251612016,8.986249528732664,0.571207300988661,395.09594674404525,20.042242229927112,2.054925399025833,64.4291382836771,0.03405289553308349,11.134479102618796,2.352923957685293,31.55154373059804,100,Excelente
2024-02-13,Embalse Este,7.80154642614942,8.304785418448473,6.812254348067746,597.8749122455836,26.17664350827629,8.827049420610788,43.18336252339902,0.07088314773478283,8.559152804927551,11.849954467678742,31.97841905394978,60,Regular
2024-02-14,Embalse Este,7.832825557634438,8.645493947489078,0.2509071377760005,255.57443822161093,24.727565958505245,2.818385953427962,16.021329622501305,1.0079363039863414,25.101062287682595,12.33699649605991,22.18915986710849,100,Excelente
2024-02-15,Embalse Este,6.472490036164209,9.392735538155371,2.230237050338108,642.5996860344776,29.386829302944136,1.4298461848792552,4.137534367389874,0.05985154370770107,0.5716072600682582,39.985063837139286,23.95389063127736,80,Buena
2024-02-16,Embalse Este,8.322235448748879,7.2726689751497915,1.584916669467907,451.934920368373,24.335712741303855,4.800494582867339,4.477543553195397,0.05913834149520967,0.5,15.821737979715287,16.58280903889525,80,Buena
2024-02-17,Lago Central,6.0785191497661755,11.638580913528191,12.115926498047761,425.0358384900805,20.56283163685176,6.134113034796725,112.30592562327945,0.01,2.6523703487589123,9.57364112895157,20.970649667519055,40,Mala
2024-02-18,Río Sur,7.6694856750402165,6.9909739277504475,0.3564820370922147,642.1919936406982,24.362619322769238,0.9138597384292341,10.651451592998201,2.5080211889758317,2.4273018508510655,75.27234320704677,29.824258165487286,90,Buena
2024-02-19,Río Sur,8.952364500647983,6.6787170808184015,1.5217739812272912,588.852662297208,26.434814322331633,0.9173263506538034,19.53164964737904,1.0700288344125288,2.269295170365818,2.3468759925351703,33.07791411774116,80,Buena
2024-02-20,Lago Central,6.407570939895449,10.237166310250101,10.467178992380145,427.806766836184,25.281928724789456,0.5,12.851591504781664,0.34863810858695937,18.937379793730475,10.9826139730267,18.82825564060039,70,Regular
2024-02-21,Río Sur,6.746961816317783,9.687494040944404,6.018732185904464,731.8659606728496,24.02909612442919,6.66665060394917,21.924961740521038,0.28139038498407903,2.296617508508853,1.0,22.037678704235528,60,Regular
2024-02-22,Lago Central,7.279721092070113,9.436179725578233,5.095989102108538,283.78733448002055,26.266698758356615,5.450312625735495,3.5975680365814915,0.3442611605335041,2.539081405233558,26.934098993262914,24.867971215205365,70,Regular
2024-02-23,Embalse Este,6.797219476707041,9.44251826389642,0.8948252506005139,623.1871213888528,26.67718236178269,3.2182708481764637,36.60061610127674,1.1920929597853203,11.396898028777288,50.03940062327756,26.400805794098034,90,Buena
2024-02-24,Lago Central,5.959469255147094,8.481629840729628,0.5621985983594626,618.6202515936768,27.52863596415011,9.294962453380752,3.500342318872068,0.8662792141028026,4.778912790920456,6.571118298280387,20.95198240039177,60,Regular
2024-02-25,Embalse Este,7.254850379844822,7.154118442771253,3.313678796045351,438.09071213720193,24.59483955035857,8.190991605846756,80.5611021079626,0.16384572408799972,11.994291186067677,39.08674591025659,27.120305222320447,60,Regular
2024-02-26,Embalse Este,6.350157029019116,8.61370683729059,7.951155284879866,565.2266044484236,21.331527678732584,4.401655068179608,13.309865384210301,0.15303430516401753,0.5408035100954013,6.912389358365987,22.63080326464542,60,Regular
2024-02-27,Río Norte,7.578873944508145,7.484257432731832,2.4409512657142267,249.7772847229394,22.58685474573329,10.135053132645012,38.827734557429736,0.08286359295547159,5.348747936829894,48.330795692279416,24.927738645608603,60,Regular
2024-02-28,Lago Central,6.464460612612958,9.962679600126627,2.5431826843757595,684.8054038413802,26.82603586603343,1.1523592518528678,106.04614082448708,0.8637603280268102,0.5,28.04537783224339,27.7314212400185,70,Regular
2024-02-29,Río Norte,8.439947524014032,8.279413927746791,0.9854250924319525,463.0195727114022,18.732257316051054,0.5934651069514228,52.616602020513206,1.1564030393789728,0.5176156120850554,32.68555534352877,25.032111349054688,100,Excelente
2024-03-01,Lago Central,6.573397366131011,7.261754204811233,4.402421275236265,395.4553958961921,23.474693235491603,1.5718390286405395,38.066781628736585,0.24635835964287223,18.953000945163872,1.0,22.818070547367157,80,Buena
2024-03-02,Lago Central,6.94235078703546,8.01792123752051,0.6212339464382125,709.8018451673779,20.426644750690556,0.5,19.6028021242073,0.016933934761292103,1.1995663923715603,65.83449944872794,24.451950980370846,100,Excelente
2024-03-03,Río Norte,7.8508137738957355,9.119397181413436,1.173263439357698,359.13126189144816,22.11497929173927,3.7875702141697194,20.24840506119234,0.06859592596554888,6.081490248497679,25.941581043293663,24.558185203973323,90,Buena
2024-03-04,Río Norte,6.215308546852836,7.654413170794038,1.6624336502094916,218.3077407272881,27.113807450429196,13.791906027009833,55.35545752848681,2.7501240022698745,4.235931375348491,7.269707227954459,23.14994485058936,60,Regular
2024-03-05,Lago Central,7.381967947683304,7.266669406650353,2.1254548879340955,188.67416529521927,22.764396272079612,0.5,256.9748337353652,0.2801508522429003,3.4136324447562925,35.36804743209815,23.706019686664487,70,Regular
2024-03-06,Río Sur,8.245714203425942,8.865530817237868,0.8328377507088175,621.2019902691279,22.185746192624595,0.6511693999155838,54.21168634826156,1.1730432346432162,18.407359496070615,6.612381552146383,32.99323585252358,100,Excelente
2024-03-07,Embalse Este,5.914013412351018,8.867449856663084,0.3659498164324063,243.9141295007434,16.560575436080324,3.0092162415096544,40.79777554839906,0.7839460043904305,0.5,41.23263594828833,27.804597239706194,70,Regular
2024-03-08,Río Norte,7.347707086825843,7.739585236943306,2.8295989722880694,850.9588363968729,24.985014264108884,13.581043269379974,65.58727620964056,0.38493532466346064,8.720147046661516,2.388746849621884,23.522598409854197,60,Regular
2024-03-09,Embalse Este,7.407906235398739,7.7934425415725155,1.0216901053096255,83.6141184232556,24.5819367245643,1.900128055283935,31.293646399120444,0.18422241516472282,26.460439835746936,24.326710000883732,28.484772022553678,90,Buena
2024-03-10,Río Sur,7.825458297421848,8.848074906036455,2.611359204877331,839.2912736580076,30.65301889322184,3.5386125188567257,3.1013421741608775,0.10352807124568093,6.570902882246816,15.560967419345106,23.33090255121995,80,Buena
2024-03-11,Río Sur,6.210439431297535,6.3278734877540135,0.5029942583120394,542.2034934405236,20.768887060187996,0.5,41.31071300719805,0.7636365027835845,22.094451623352953,2.0303464305301904,30.865623187933206,80,Buena
2024-03-12,Río Sur,6.143634709532579,6.388804338435167,1.9683641340855826,480.6573776259215,22.876601310655754,0.8028582566820947,158.06017136476675,1.192022846672734,0.5,5.5386366977660275,26.84821096099047,70,Regular
2024-03-13,Río Norte,7.617553252493519,7.422333668121346,2.281641744387233,391.01618263821007,22.997534734843022,21.573755422666892,9.636958147035177,0.8260445068509672,4.341190818378369,1.0,24.463489279978855,60,Regular
2024-03-14,Río Sur,7.437587738586549,8.17982927243223,0.15964395437136397,579.8272228704142,28.3098131190539,16.779021539099546,58.559937923412896,0.604532502149178,2.41054677240551,12.651127533205639,27.238584629051388,80,Buena
2024-03-15,Río Norte,7.400394280276702,8.966361348397006,1.2311508041412698,492.47305951503034,21.61881787045219,0.5,11.215567187112898,0.034285269847287234,10.499028504585123,7.169681896743889,17.145619239657503,100,Excelente
2024-03-16,Río Sur,7.477158567597581,10.713034325424328,0.43304798049579485,720.6603764033043,23.116086103081358,15.163203993394077,38.374971301322326,2.7659292238028432,31.83260943073346,18.24385700831144,19.366162655450974,80,Buena
2024-03-17,Embalse Este,6.655980222737208,9.786489434803029,0.19641677631757465,522.845529732408,24.431586038866158,5.096048067842505,5.083724185118045,1.282423559075488,2.371415580669211,7.054734398904734,19.030374968004722,90,Buena
2024-03-18,Embalse Este,7.385802957728803,8.260092205054859,13.803603934185972,530.0603522923756,22.74643649262543,10.121672834882553,29.925582892294035,0.2771783429101178,8.494570078640253,7.131187912493482,25.714715473818533,60,Regular
2024-03-19,Lago Central,7.434457978638945,8.471475688145967,1.1673900675582607,427.2775575572288,20.214265541797886,3.0324613454600473,70.56283292712283,3.1284324581737746,1.766147321074237,27.188624456540524,33.66257499742546,90,Buena
2024-03-20,Embalse Este,6.628518865578906,6.996205953043287,4.980211841309696,488.6108752557865,22.77635997159323,3.624180343488855,21.352688074272706,0.7368046435755841,6.665349937183667,1.0,36.15650073096316,70,Regular
2024-03-21,Lago Central,8.692619608915805,8.472230296011416,0.8816665028802042,561.5603537784118,26.29452699943909,3.3554274975442997,54.66806364380442,0.6986284016358804,4.987961345378575,46.639247243823576,28.190255507203787,80,Buena
2024-03-22,Embalse Este,7.57906633672943,8.067012041619792,3.4324240530610544,157.9663214686749,17.89393880235576,5.496026185327917,79.34713214581751,1.1028933025640117,28.605929047264922,38.246550632281526,27.504222374722286,80,Buena
2024-03-23,Río Norte,6.246957202237882,8.984077840507133,4.284198668484626,230.36291557885738,22.531878696587505,0.7520872710472859,130.98673463521044,1.3360716270751016,7.502715424301867,22.04064359026824,15.994711329236305,70,Regular
2024-03-24,Embalse Este,7.725242886907064,7.259153584671516,2.7163397825074194,648.652818804543,19.199516740243308,0.5,13.37058438577778,0.8548047125984397,3.4401902140232847,17.989732801526802,22.28663100132989,80,Buena
2024-03-25,Lago Central,6.4202546638181435,9.279019771361758,1.9135699321358153,534.1730876255883,26.78018651569937,1.8403404400689043,25.48430664572674,0.10966052958430797,0.9691715486049614,44.568577808861114,21.061081240458805,90,Buena
2024-03-26,Lago Central,7.8296676829939615,10.799108369503866,1.5922734405161334,463.2033327294642,15.9072523808649,6.098491737704197,8.268267266120139,0.33031511385240664,1.3118949097714903,4.099447521679775,21.89576200874442,80,Buena
2024-03-27,Río Sur,8.126876463205923,8.336859777314714,1.2871299051119245,503.68678661307865,19.764312610913645,1.1273152721830517,244.53274810240276,2.105801205139365,2.0424102011270584,1.6452352064820484,24.159280907076052,90,Buena
2024-03-28,Río Norte,6.5434541453186315,9.102567583148412,7.9576681446623425,569.5163410723342,23.508847500258085,5.595592046659895,130.86545485792863,0.20351711029675515,2.3117742844909586,5.475850800686378,22.639547111514364,60,Regular
2024-03-29,Embalse Este,7.970700903395458,9.53521598756667,5.326821213425394,392.0480639381277,28.26209611693736,17.51815195114605,38.82177993995614,0.37238488753014376,15.209883954104884,31.65380471725468,15.103500948121061,60,Regular
2024-03-30,Río Sur,7.5302247415491985,7.898169292171246,10.059529168247074,344.3390549195375,21.73699895570805,0.5,92.26854960309858,0.4526153813749848,6.590107880934356,1.0,28.73955128058767,70,Regular
2024-03-31,Embalse Este,7.857648127995592,8.836138722715624,0.39818562550831665,539.1690510195363,19.779201893227206,5.582895419522681,36.79834776491431,0.4630052327386664,5.928469158283548,17.48411878439134,19.636284871300965,90,Buena
2024-04-01,Embalse Este,8.71743438612316,8.518888601172693,3.9376540903815225,304.3254444769936,29.52462827776236,2.9326891987858676,48.85324243108654,0.7593395844417855,0.9752520507303832,107.79776217720168,26.196234320555746,80,Buena
2024-04-02,Río Sur,7.003689507197704,8.646514147823247,8.358381795783721,581.6505511428944,16.207944398335023,10.130158110967582,4.66744897715109,2.292828307024157,15.736889313240699,38.71667487671538,35.370413348749864,60,Regular
2024-04-03,Río Sur,6.597011068514009,7.3404853242168,0.5998674291023931,159.48327915243192,15.0,0.974905495293219,70.38007175778695,0.22027897941934915,10.264540894990885,14.739711440176356,20.403077042067885,90,Buena
2024-04-04,Río Sur,6.488388456299582,8.536765261388414,0.2064309524174906,705.8311274651287,23.76005780021333,5.898449381901769,6.831866761445355,0.10363275040396187,0.5605335417561305,1.3151246430506303,15.0,80,Buena
2024-04-05,Río Sur,6.54735177202765,9.246997436868174,4.054179459565866,594.5194964826086,19.991783102589554,9.104354307988228,87.45443674676696,0.17598932151509183,9.843495204819634,35.60138308653479,23.569978890599447,70,Regular
2024-04-06,Río Sur,7.1383186324687165,10.676715411692562,2.563281432596009,551.2059468627751,17.91506873147715,14.467161936901364,76.16945335093325,1.7437624648804417,6.274002404939071,18.27480515087411,30.504798174992857,70,Regular
2024-04-07,Embalse Este,7.472921579853315,9.93890623912781,5.532231423964434,696.5381967891028,24.833425789197413,5.74818117492311,61.67775345468045,0.8303392648609823,0.6820699637573462,2.4418385460563456,34.79173727110297,70,Regular
2024-04-08,Río Sur,7.421352639464016,11.729773686267334,0.45167473924257784,833.0948888925153,22.975202855084795,3.437563063057698,1.8415184025776559,0.2693934223032147,4.9043529648536195,1.97116926148923,18.852252027737915,90,Buena
2024-04-09,Río Norte,7.86174659922882,7.348978655667926,4.758150333095604,702.874013003626,19.743685477053088,4.8096742777547075,18.057702002577507,1.3540249502197765,5.30399054731948,48.076154615686775,27.483496116182607,70,Regular
2024-04-10,Lago Central,7.210401513502326,9.808480955081016,0.6755393192010688,131.82515373367096,16.87878240531642,10.159164546839555,15.266006958956375,1.5807573913597563,1.4500126209745317,22.12484221376102,22.673447716099734,80,Buena
2024-04-11,Río Sur,8.362827261725855,8.775013008607528,0.5361455968965539,244.0846066528597,25.48982931312058,4.226945460345029,22.32501310097585,1.4993185023848605,23.305575419195968,35.355406390448096,24.47025822847932,90,Buena
2024-04-12,Río Sur,6.988274533409635,11.78470439982651,0.5383339696798521,375.03628446086424,24.600804711834645,0.5,4.5861820286188815,2.009919634619386,15.17564646587748,42.23580741509883,38.221716735085174,100,Excelente
2024-04-13,Embalse Este,9.0,7.287552571967273,5.055309847692026,505.21821004216673,21.60329654488247,13.364527536495865,138.1975650446037,0.23253965793169235,8.845635122081744,16.962006741298403,17.485148358024233,30,Mala
2024-04-14,Río Sur,7.700533878212005,7.240417236728836,3.2826409170479067,603.5318040938246,29.386547984190663,5.848287680055751,40.34965093815907,1.1253345766584444,4.963569917351085,14.573263526231575,26.268698307472867,70,Regular
2024-04-15,Río Sur,6.514273954866974,7.6009110318339665,2.221127869038133,354.8512373693069,17.71966093469539,5.642987719397445,18.22990609738011,0.4937485662816914,4.2450373740547525,11.257380841891486,27.338465858827167,70,Regular
2024-04-16,Río Sur,6.34328600155111,5.31415641353529,1.3333842050342044,537.3533528954157,15.897899316301045,1.2146599900901198,25.290371555329955,1.4761208696587615,8.420858674512468,7.623644402267663,30.428931624696737,70,Regular
2024-04-17,Embalse Este,7.585977932194549,7.711367467478858,6.291608001882997,348.9234135293355,19.232367720475022,5.377684968340444,29.63818011213151,1.0430070415478054,6.3072597944303395,11.404293797662676,25.48991576735448,60,Regular
2024-04-18,Río Sur,7.0212297717393195,7.361301007669454,1.4949382490923349,377.69643940161035,21.81765593457801,2.5032578244792942,45.8888835110396,1.1984870030924744,0.5143722402170124,29.73375849333452,26.54025269752051,90,Buena
2024-04-19,Lago Central,7.771200395273674,8.725590679714312,5.088247988544209,218.66778063035554,22.973357797290767,5.266755678436183,36.25041260227198,0.8540673525473674,5.747763375472283,18.422218156342204,23.041757162891045,70,Regular
2024-04-20,Embalse Este,7.578590099658836,9.012633963665738,1.734824643341641,315.3533507778192,21.03505576857468,0.5635653439134802,125.90785232588233,0.15625615809915672,13.13583830694506,44.60962211258672,26.345634706225535,90,Buena
2024-04-21,Lago Central,7.141736869874502,11.314256258823828,1.4193586974532113,229.66307887673327,23.408221586057188,5.362461592329283,34.35462564603948,0.6300136193537638,4.9182359610578406,11.71745047843888,23.28403862251295,90,Buena
2024-04-22,Embalse Este,6.522565025545276,9.925635757279075,1.8634831796988078,304.8253494045334,16.993842303238225,30.0,242.41316326801177,3.3423412760135562,0.5,18.683472575305778,28.107859449280255,70,Regular
2024-04-23,Río Sur,5.9881222202513085,7.634644516506396,1.0759358262919263,710.728359321568,27.77505841629304,0.5,95.33325566641402,2.216639510405946,12.344640854489896,19.95584919381853,23.15194831978183,70,Regular
2024-04-24,Lago Central,6.8427880383463835,7.152377992977463,4.130331938810818,310.1202222336114,21.671395286429725,18.899315562811143,11.691934191971594,0.03530675689406886,1.7987978694869922,17.914922613190257,26.885501969510933,60,Regular
2024-04-25,Embalse Este,7.885119035458779,9.23787875725976,2.095808447086788,1026.4764129674782,26.46918332635251,2.6120284122729864,133.3899730294427,0.14408144092060393,2.393944725986962,24.255816251059557,24.853685931575107,80,Buena
2024-04-26,Río Norte,7.371274995304163,6.519650189469036,0.7927275929911957,598.6635801761779,23.370901385510816,10.230167305078766,6.185638975497147,0.1130009121221482,1.439775547339213,5.421310394332255,30.63025125386084,70,Regular
2024-04-27,Río Sur,6.20340897703041,11.24718814878153,6.895019548651751,536.9672247389748,23.827012876615136,7.625150284671463,85.03647870053629,1.0356430832483097,3.206388883773714,14.363711938048278,24.74303138205757,50,Mala
2024-04-28,Embalse Este,7.338544740680946,10.269160181081931,1.452995227076134,328.3284439637573,24.279069120928817,4.185275529632762,23.952080933354857,1.362055824556677,11.30937398253213,2.2013158695666166,16.134837658965594,90,Buena
2024-04-29,Río Norte,7.50825390378307,7.796236521842943,2.3528471465332905,640.0619758817983,23.79083424006926,6.705633929263293,105.1761884121618,0.19214160668004232,5.861524268192343,9.706774749981193,31.309607503569957,50,Mala
2024-04-30,Embalse Este,6.492914051039094,5.930298206363684,7.108486826128879,384.8724347524452,24.570891039470176,10.539845504791698,101.26914595778133,0.5639372910716233,1.8341106782967074,13.375612173375064,20.471338495686904,20,Muy Mala
2024-05-01,Río Norte,7.322980084756423,10.530808561248119,2.936397911571992,524.4019629290723,27.316610120529724,2.5887503932435134,81.97563291787237,1.469588056382243,16.8187392101239,21.123948618385768,21.7311683067559,90,Buena
2024-05-02,Río Sur,7.2465669747568,8.328190232121074,0.37294384757333926,1012.016907653759,22.78608467880588,1.9802961239550323,78.03963467821305,1.0558108949177412,16.934280408638674,60.12820262463886,22.02169352978254,100,Excelente
2024-05-03,Lago Central,6.2856237617355015,10.356724467960193,8.431850051796626,480.78802005507004,24.836015030354048,5.506981585861535,18.16909347958934,0.625123315963036,16.357441440819493,18.358394486662004,31.872190465854086,60,Regular
2024-05-04,Río Norte,7.4862298882786265,6.108358511808449,2.9642307868044786,729.8546652571351,21.641057222851092,8.247289214855368,4.219066460037473,0.7139572036560259,2.1828333312553663,27.21985652713184,15.0,60,Regular
2024-05-05,Embalse Este,7.648627621094588,7.6009374655693405,1.2234789466539282,359.3647149748225,27.76046886179789,7.1834168441025605,25.790248237114984,0.5680077200547248,4.800743171458344,14.115169777113545,40.0,70,Regular
2024-05-06,Río Sur,8.066440994540223,8.507865549577275,0.44993046184927743,493.0023019006077,19.29443079176292,7.992827382238877,9.529251168332879,0.2825430800012964,33.59212579943961,20.108124494348033,30.28028404533026,80,Buena
2024-05-07,Río Norte,8.043041641627923,8.570470890647114,4.740004187040801,854.160127127102,29.20376173164326,2.8598124837094323,59.3641575488737,0.6659678459745244,11.827714977462229,1.4714715699226009,26.1161945706458,90,Buena
2024-05-08,Embalse Este,6.097864505634327,7.824901792781135,2.903326522688557,374.60658844244654,21.839368197422626,8.514190531929316,21.24002131065532,0.93407490487745,0.5,5.871094477702782,24.725529996918567,50,Mala
2024-05-09,Embalse Este,6.449739968067902,9.434274898521249,2.2872415741470844,862.4897115993858,16.27689959152781,0.6403548132678573,185.67951510635413,1.652891260085962,0.5394207025528841,8.98373521418981,26.427770374288286,70,Regular
2024-05-10,Embalse Este,7.612028213766928,6.898569355926108,6.729909991609336,641.5503870910951,22.512417659643155,3.931678141721415,51.21775572680621,0.8091217238998836,4.987944782168503,12.791876331344174,27.605612141896692,60,Regular
2024-05-11,Río Norte,7.611028760729767,8.28643077246806,4.661970041088216,387.50664482114644,19.275793370100477,0.5,86.43375877049688,1.1454403036684206,19.194548397229447,1.0,28.226077929750286,90,Buena
2024-05-12,Río Norte,7.612038149044839,8.680443447567848,0.49347396037902264,626.4815478111042,25.362574195954895,1.9621459547159392,7.108410438327972,0.13955093639129904,6.189684688031364,3.017018210759944,27.778022330017244,100,Excelente
2024-05-13,Río Norte,9.0,9.271658251088123,1.1206876541874013,694.510889925346,19.389504082790438,2.2821728131459307,99.03032716682254,0.4952596149331008,5.5102539123911365,6.481785082066823,25.447903406276243,90,Buena
2024-05-14,Lago Central,7.656712408554534,9.567422317133335,0.8570088556465139,624.3619924434392,20.21526626714088,2.5223351759433372,128.04007243080665,0.01,0.8916877961328353,71.17997798463182,24.01330789846337,90,Buena
2024-05-15,Río Norte,8.10845251214448,6.813036862243196,4.087104185605234,185.95505602190872,15.0,5.944882510155721,33.38000702741247,0.22661093388629353,8.5550715450477,8.04980097288224,24.243633581732443,70,Regular
2024-05-16,Río Norte,7.963201410794563,6.198828743896566,0.1023226195735138,354.57256483502624,20.190774723003692,2.4596767135570325,46.602327491249525,1.0370509484890287,13.812411605041596,13.157186052575021,24.025458598236597,90,Buena
2024-05-17,Río Norte,7.721113001044639,10.416515232847765,2.531140669158429,450.49627288969907,15.0,2.9773229278196425,72.36803671659189,3.8438683527089115,3.829707695737474,4.36555100891286,30.668850484335323,90,Buena
2024-05-18,Lago Central,6.947784604287723,8.998471017969388,4.3122411475793365,485.11331417999077,15.664388706057107,1.3560532436598896,9.608815422728965,0.08355816776887422,11.955023346706973,18.872214502798318,27.967783611404307,90,Buena
2024-05-19,Río Norte,7.807175376394614,7.37727019516517,6.281002033157813,624.1344195101356,25.041658624577188,2.336052002753381,34.914627410819726,0.41065540537713546,26.700521296416785,6.589068558228242,15.0,70,Regular
2024-05-20,Embalse Este,6.581739828369942,10.826727963283783,1.256023780635278,535.5402001866507,25.14320063460333,1.289125487665244,25.42999078347839,1.2878342551213988,1.8229019449073047,4.638453970985004,28.279503882648804,100,Excelente
2024-05-21,Río Norte,7.010545114607993,8.673511951439288,5.165423890623009,232.93112825797976,23.70183024713986,0.5,7.913105552263051,0.18256068900925101,5.927440621617086,14.537083786488411,25.973680973593876,80,Buena
2024-05-22,Embalse Este,6.811709161736717,10.26894577609574,0.351731655296332,576.0395702011926,18.132095427483147,4.624747976592281,22.906474122836578,0.6478975298780926,2.707738935112431,1.0,24.90645621777051,90,Buena
2024-05-23,Embalse Este,7.265499311509058,8.601277722115164,5.621231871635063,622.1171490567647,21.809154575432082,5.516307375355344,3.5303681352055105,1.0566189460545086,12.594667545739792,1.0,23.05740773455557,70,Regular
2024-05-24,Embalse Este,9.0,11.59112188732298,0.4091388915842125,611.958089586208,21.985589843637726,4.831218650742091,1.3075439984406323,0.7656598697318127,6.894294727517159,4.945364737348612,30.620563599930065,80,Buena
2024-05-25,Lago Central,5.7061878459266016,11.133011263664807,1.518943893629593,716.1561451109244,17.36654124322983,3.113388075084737,7.260901616428179,0.16662832050676005,8.053716142666207,1.0,29.737632310614288,70,Regular
2024-05-26,Lago Central,7.749008152299611,8.126553777281389,4.78801608997947,666.7844309097808,28.013593207068602,2.3884517238994993,164.99766699885538,0.35128109641839256,12.79250175560853,2.2863603832553245,21.135611660881956,80,Buena
2024-05-27,Lago Central,5.909827303048279,9.957356426431533,0.4872653697612485,591.8360158456874,25.509449162302687,9.951063609473774,39.87313832790614,1.2252106999151902,4.033057567374243,8.275812868100617,27.035261435622676,60,Regular
2024-05-28,Río Norte,6.8224545073684535,9.468063924377722,0.7811790673342528,485.9668577082706,21.116143304681344,3.660290274007968,168.8088915942053,0.6463554681569412,19.729313700903724,32.449012188512924,20.14171632729357,80,Buena
2024-05-29,Embalse Este,8.071160477573892,10.552947336298523,3.8431292929347163,167.80781329680173,22.107543355978123,3.261771957576247,28.325539550412493,0.01,6.091902699643049,16.974914851826256,18.101909176055347,80,Buena
2024-05-30,Lago Central,7.2514240152763705,7.052614809129843,3.8192885159750842,585.9236438265172,22.83353123179021,0.5,18.684961416535202,1.145002453462099,1.375372892714547,14.376182019761252,21.866413877050174,80,Buena
2024-05-31,Lago Central,6.3378041776565555,9.52907718999766,3.0745326262121724,541.5375374326222,15.0,2.087039407053988,35.275348738864984,0.028759901849243364,9.523166275971104,6.9483251407329485,29.311967361913794,80,Buena
2024-06-01,Río Norte,6.627757032592026,10.087636730274381,3.552005127262851,554.3157674390746,21.01129046991761,2.391756824494026,28.947344531327417,1.0954987690824352,12.610398767391638,53.69264687172432,29.765625226880434,90,Buena
2024-06-02,Lago Central,7.743678199147741,5.861890770365329,2.3474073035869143,244.65028483593812,19.272063008008807,2.5443275709899957,5.583725029919597,0.18099925492149774,3.0472923583656826,10.117260531493367,27.565427100486467,70,Regular
2024-06-03,Río Norte,6.615706694626291,6.725112231001337,0.8702510977782297,283.7886919183475,17.993519960420336,4.3395552743263535,51.197460219874635,2.537469375647829,15.569319844106898,1.8224202023315117,28.625478934239986,80,Buena
2024-06-04,Río Sur,7.37316687166558,5.441151733359849,1.2725495813797902,710.6305706665808,20.87559882845618,3.8135855217643444,12.169748099916532,0.36701771303168274,18.927885168249333,19.19787952419908,27.58089143557479,70,Regular
2024-06-05,Lago Central,7.236457471923051,8.095889748333164,0.6012038235495956,492.088969228669,29.19074610739809,4.681256791374099,48.325014225288186,0.3167266754426851,2.593711676563715,2.4171188974132582,21.792592023885238,90,Buena
2024-06-06,Río Sur,6.678719721915346,9.576313383693943,7.172628417970955,636.3001394745249,24.56337144506804,7.238365643934406,52.519841966230985,0.12896928666809512,32.84557697825391,8.469215548465312,27.159612723369705,60,Regular
2024-06-07,Río Norte,8.91515527146026,10.753535578144042,2.6268271639097955,505.6636752260922,19.715284040868813,8.382852007425823,8.24519757772232,0.2917705490790858,1.2132047230440441,14.161640594394921,29.002047626138413,60,Regular
2024-06-08,Embalse Este,7.707135217854409,8.611142170629662,1.536736978437067,505.95122789914905,24.290331125424636,6.3314237191569545,3.165610447526569,1.6741884897413113,1.8053305305174063,41.46482004597833,28.771456649067872,80,Buena
2024-06-09,Lago Central,5.579885930673914,10.942923318356938,1.85972251896349,687.6567611951996,27.597421746344008,15.563993625021027,75.8797746611965,4.486996984567245,1.6289320021405738,13.60645849311906,30.944566857373214,60,Regular
2024-06-10,Río Norte,7.349163451815542,6.429847812677663,8.828471210991633,396.79105435652525,25.698534731651076,0.5,30.790831104569317,0.36748461461502413,17.95375291347306,24.230610241850204,28.541519236005318,70,Regular
2024-06-11,Embalse Este,6.67057082818529,5.9449263409672675,0.49940865038550203,519.2241553881967,22.238521479680696,1.0893995535625647,2.996195005190793,0.47625124840829564,8.497299108277627,98.7203148395622,26.757241037707914,80,Buena
2024-06-12,Embalse Este,7.88194666783698,8.416678451655072,2.647333827325662,407.5449422589915,19.412252889177704,0.5,263.59659883683327,1.0243114969959277,1.3199810100024303,2.819503318319631,30.350751191582138,80,Buena
2024-06-13,Río Sur,6.56598340925384,9.076098173408962,2.114983322379532,413.1007545135369,24.79289325445436,5.213164632038758,2.975854071221184,1.7386205435704114,4.643169559118975,6.424267660938034,24.8673937037547,80,Buena
2024-06-14,Río Norte,7.108210846826481,8.45095787785886,2.836032954009218,438.1655753062721,23.573941541687,11.415410050332383,59.37795067500756,0.7192408229428935,7.642290684383695,10.0365272967295,20.59062674386141,70,Regular
2024-06-15,Embalse Este,7.6039898231843654,5.398836849940185,0.1,544.4267543267425,25.580772880110928,1.3951467213888673,205.76490388284765,0.3974404795647452,0.6972322026692588,10.95768371042928,24.18466518028118,70,Regular
2024-06-16,Lago Central,7.892604155336097,8.366319940730817,6.17008056762209,404.25027566730455,24.540687206727878,13.088845831118594,13.66793084785735,0.4256691545202698,17.124843522738185,10.587297548125656,21.275486775967757,60,Regular
2024-06-17,Lago Central,6.239762874355379,6.54329574924272,8.069965610073755,751.1512251147042,26.19821086127734,0.5,7.672093061679247,0.9515778150046755,13.020959075628864,47.63494765423829,21.62410862512809,60,Regular
2024-06-18,Río Sur,6.932399011327242,9.504508823245057,2.498146391830193,321.07853955609926,19.859059153757727,13.62364461500059,6.470420301200468,0.01,5.628922624654689,25.037552323388507,24.27740664642241,70,Regular
2024-06-19,Embalse Este,6.8200437510712355,9.049897369145272,3.578612221577875,462.62567116772817,27.269576262537303,2.1664123965326922,18.06823529705549,0.7732031351140682,27.320735384400702,18.72503335263505,21.037900395000193,90,Buena
2024-06-20,Río Norte,6.677336613941031,7.090180320508967,7.672408073536879,412.053788345165,22.7903984187696,0.5347023069596843,5.326160177578075,0.35141568938379963,4.326993816235158,7.403099796587977,23.4601923518048,70,Regular
2024-06-21,Lago Central,8.612363392224879,7.72919962399496,3.6851923601775542,789.3955768707466,30.301043490501062,3.326412744497058,58.90897349640917,1.2646699904886367,33.13668301160939,34.721619877554225,15.531926665231072,60,Regular
2024-06-22,Embalse Este,7.523985368768765,6.911179717166572,0.49653152737236517,539.3109553023149,19.243248727641728,1.4837928153908595,3.2158231899763545,0.07808200719188484,8.819034973077512,62.04876787596312,26.066468536864694,90,Buena
2024-06-23,Embalse Este,6.191292836531964,8.405981354090242,2.5761064495576806,706.3689078937269,28.943855212661,1.6764749629583098,35.60856262173184,0.7097783915022694,8.055661675948167,34.429556217301325,25.006027376811122,80,Buena
2024-06-24,Río Sur,7.934289557643821,9.932713480751858,2.7996625711020453,202.8879253926056,22.79164313385059,1.835718935806393,285.64399433999677,0.5246393295148891,1.4517423656530781,1.0,20.914556844659046,80,Buena
2024-06-25,Lago Central,8.897724957610107,7.0214109304966845,1.6556235117684635,553.4100531738518,19.394327985542205,8.123415099827117,84.09243883383577,0.8225055971797158,17.091668992704445,20.234093701342424,28.296228342162024,60,Regular
2024-06-26,Lago Central,8.025972208440917,9.256069773276767,4.000470911650176,677.9261591246874,20.064456663782714,3.873535690691302,47.754103830993685,0.053641742808545494,4.461796250801802,1.0497829499008913,29.68785068813279,80,Buena
2024-06-27,Río Norte,5.984504027236789,7.704613572441339,8.171030657287425,516.4567978550848,20.71861076722272,1.8648034787672627,18.282441654349263,0.6939695736705155,1.4161259558614752,5.957536464449513,16.962200678155128,50,Mala
2024-06-28,Lago Central,6.8126127417069995,7.310690751606484,7.7936286391623515,713.0960750130703,23.696663785607665,4.712323804772562,48.89445714095118,0.6594882564823045,0.5,1.2273978716393261,21.18637610716893,60,Regular
2024-06-29,Río Norte,8.213528919349299,8.339454460068163,1.798092888910853,396.54230997992556,24.091341952142,6.296558623240507,37.43737779397671,0.6579855144805472,6.563403533711005,18.51649336257584,21.15428825106351,80,Buena
2024-06-30,Lago Central,6.633864427504975,6.947136516370939,0.36053611365535254,781.869488037116,19.705199984245684,1.5915587110402303,27.763558065834786,0.7400385061659294,5.996040917268025,23.20485530889521,20.300484494455677,90,Buena
2024-07-01,Río Sur,7.555055542516983,7.669526041979227,12.567521967362119,959.77962472385,21.902581630956067,2.668331669795511,7.003946293017256,0.9027656462590032,10.165278757976752,2.43177722913626,29.147374209658743,70,Regular
2024-07-02,Lago Central,7.81970724274347,6.703183161116727,5.477154332455329,427.4322879120682,30.569081434447455,0.6498947976070026,108.84355299060238,1.3077594480927943,17.676988845883425,9.68493592298721,24.030869306135983,60,Regular
2024-07-03,Río Norte,6.458455622737533,11.447087699374585,0.39943787915119017,410.8994957198456,28.910172680402844,0.9992678386106936,29.87227648963911,0.25157214890099944,0.6618944014443959,12.184817715415786,23.677425793446947,90,Buena
2024-07-04,Río Norte,7.15237971515056,8.552895327957593,7.608923822889828,790.6768954235401,23.74529467869613,5.714668463130851,10.82220910307068,1.394601351048985,10.51913035008474,9.210668962374788,15.0,70,Regular
2024-07-05,Río Sur,5.5,7.450411738011121,6.11827179368059,815.9144291461425,22.1520139126728,1.0010328074182362,22.92425916914676,0.5517316930076877,1.6602479532421532,2.579976473282346,28.17709015104613,50,Mala
2024-07-06,Lago Central,6.380489886932568,8.820969866101333,2.1946541579059478,395.4279945693463,22.480125306873045,3.7239224986605004,26.7328467310067,0.06415134997069531,15.625406820548466,10.858293283677616,18.80370802573264,70,Regular
2024-07-07,Lago Central,6.997945478885472,8.331507925463756,2.6841413604872244,415.96263658082853,24.454071890921668,6.172954997198428,87.87888755452667,0.048268020860046085,13.676873716888036,27.820353794561477,25.299663151331643,70,Regular
2024-07-08,Río Sur,6.20177345442812,8.168545600700165,1.5274945302270408,443.64307822789857,17.90882973920638,0.5651544176023522,66.14051614296392,0.3254588066882039,6.226046674392804,1.4730958101447222,26.386884689790957,90,Buena
2024-07-09,Lago Central,8.505929043145308,9.421250050065138,0.16895444772988136,231.10989779314457,20.97049385030662,4.188694362840734,73.33291630850958,1.2293105515176066,9.9096955464965,1.6715459112951958,31.803292979193255,80,Buena
2024-07-10,Lago Central,6.055886897631494,9.636261565070958,1.2247946589022234,316.26961070316037,15.325663704489642,1.4823548004624207,1.0,0.9839275072166274,3.0191052048911717,8.763008774728608,18.45589800440444,90,Buena
2024-07-11,Río Norte,6.847964410642414,7.704248278584209,4.871423733198537,299.1718466495864,23.596892490421116,16.47431485903963,26.90590132204877,1.2432591971788782,5.096674294315693,56.85188611055682,15.0,60,Regular
2024-07-12,Lago Central,7.304592461828873,7.63627263903298,0.1,346.44048697917435,24.588783758810965,3.3038418566340355,32.82573605190803,0.5826366665721505,13.791471247671701,22.08693277681835,25.919247723768475,80,Buena
2024-07-13,Lago Central,8.353018631252892,8.087422454272534,1.217141689770506,493.0630225226438,20.067254150802505,8.199293587176795,1.0,0.4641391295183226,4.91861054739266,22.705730233993656,34.00255590755427,80,Buena
2024-07-14,Río Sur,6.051310279056448,5.047118252896623,1.5233342845640345,546.8429465073042,28.29594705316013,3.995056249968056,15.042635201091315,0.12762110738150628,3.54282236949245,8.985831945796113,31.19473176469719,60,Regular
2024-07-15,Río Sur,8.130531001723968,6.227213406702171,2.312649072371645,810.1000985628154,17.096937347990636,0.5,71.4162340857189,0.31822705226589226,5.453108432678914,18.011339571468923,26.048297076373128,80,Buena
2024-07-16,Embalse Este,7.2081864488156695,10.550311401166788,7.571776428459125,300.3291918522418,16.14250047916072,5.0140299178717616,7.373385866694464,0.45535633377538653,14.093687962139391,1.0,22.541819071839765,70,Regular
2024-07-17,Río Norte,6.414793079161639,10.967451570251924,1.2755313326723703,696.8644796953167,22.897807274239888,15.121002600623664,38.31925226324291,0.07421909728204938,3.2662491237146694,20.217306198520852,29.035612983186553,70,Regular
2024-07-18,Lago Central,7.569682779410617,8.126445940665432,1.2783194578754857,457.2022311548982,26.188393210448616,4.601642113769123,12.116437803844688,0.1993969775844904,1.5269753515303648,48.90301719079625,20.132269001477656,90,Buena
